Ensembl ID,Cell Count,Gene Name
ENSG00000158828,1745,PINK1
ENSG00000178951,970,ZBTB7A
ENSG00000275023,821,MLLT6
ENSG00000114861,816,FOXP1
ENSG00000250312,795,ZNF718
ENSG00000213015,736,ZNF580
ENSG00000007866,717,TEAD3
ENSG00000189308,676,LIN54
ENSG00000139579,664,NABP2
ENSG00000146587,652,RBAK
ENSG00000105732,642,ZNF574
ENSG00000184058,623,TBX1
ENSG00000187555,615,USP7
ENSG00000167840,611,ZNF232
ENSG00000100084,608,HIRA
ENSG00000153207,584,AHCTF1
ENSG00000181418,583,DDN
ENSG00000082014,565,SMARCD3
ENSG00000103479,564,RBL2
ENSG00000136327,564,NKX2-8
ENSG00000007080,554,CCDC124
ENSG00000149016,553,TUT1
ENSG00000156030,551,ELMSAN1
ENSG00000198521,542,ZNF43
ENSG00000121413,533,ZSCAN18
ENSG00000016082,525,ISL1
ENSG00000108924,522,HLF
ENSG00000189403,521,HMGB1
ENSG00000100105,519,PATZ1
ENSG00000196482,519,ESRRG
ENSG00000184828,514,ZBTB7C
ENSG00000013561,513,RNF14
ENSG00000108312,511,UBTF
ENSG00000010244,510,ZNF207
ENSG00000130816,509,DNMT1
ENSG00000196867,498,ZFP28
ENSG00000118263,490,KLF7
ENSG00000155090,489,KLF10
ENSG00000197111,486,PCBP2
ENSG00000185650,481,ZFP36L1
ENSG00000163635,481,ATXN7
ENSG00000049618,480,ARID1B
ENSG00000265763,480,ZNF488
ENSG00000182968,478,SOX1
ENSG00000169375,478,SIN3A
ENSG00000126561,474,STAT5A
ENSG00000014123,473,UFL1
ENSG00000127337,472,YEATS4
ENSG00000084093,472,REST
ENSG00000123411,471,IKZF4
ENSG00000170322,468,NFRKB
ENSG00000099364,467,FBXL19
ENSG00000103510,466,KAT8
ENSG00000130749,465,ZC3H4
ENSG00000175595,463,ERCC4
ENSG00000147130,463,ZMYM3
ENSG00000136826,461,KLF4
ENSG00000153814,460,JAZF1
ENSG00000055130,456,CUL1
ENSG00000121075,456,TBX4
ENSG00000165025,454,SYK
ENSG00000124440,453,HIF3A
ENSG00000104856,451,RELB
ENSG00000112561,451,TFEB
ENSG00000174963,451,ZIC4
ENSG00000124920,450,MYRF
ENSG00000157554,449,ERG
ENSG00000099817,448,POLR2E
ENSG00000116580,440,GON4L
ENSG00000004848,439,ARX
ENSG00000148516,438,ZEB1
ENSG00000177311,437,ZBTB38
ENSG00000174953,435,DHX36
ENSG00000204531,435,POU5F1
ENSG00000175550,435,DRAP1
ENSG00000196498,434,NCOR2
ENSG00000158717,434,RNF166
ENSG00000038219,434,BOD1L1
ENSG00000187140,434,FOXD3
ENSG00000139687,433,RB1
ENSG00000099956,431,SMARCB1
ENSG00000110693,428,SOX6
ENSG00000182903,428,ZNF721
ENSG00000129152,428,MYOD1
ENSG00000105419,427,MEIS3
ENSG00000188095,427,MESP2
ENSG00000095066,426,HOOK2
ENSG00000133884,424,DPF2
ENSG00000134107,424,BHLHE40
ENSG00000167766,423,ZNF83
ENSG00000137275,423,RIPK1
ENSG00000188243,419,COMMD6
ENSG00000106948,417,AKNA
ENSG00000143373,416,ZNF687
ENSG00000085224,413,ATRX
ENSG00000115041,413,KCNIP3
ENSG00000105997,411,HOXA3
ENSG00000105698,409,USF2
ENSG00000162367,408,TAL1
ENSG00000185513,408,L3MBTL1
ENSG00000187801,406,ZFP69B
ENSG00000198039,406,ZNF273
ENSG00000234616,406,JRK
ENSG00000170345,406,FOS
ENSG00000198554,404,WDHD1
ENSG00000105722,403,ERF
ENSG00000008441,403,NFIX
ENSG00000187098,402,MITF
ENSG00000080603,400,SRCAP
ENSG00000012174,400,MBTPS2
ENSG00000177889,399,UBE2N
ENSG00000197050,398,ZNF420
ENSG00000120885,398,CLU
ENSG00000189164,397,ZNF527
ENSG00000214114,395,MYCBP
ENSG00000160710,394,ADAR
ENSG00000204604,393,ZNF468
ENSG00000112242,393,E2F3
ENSG00000198160,393,MIER1
ENSG00000164093,393,PITX2
ENSG00000004399,392,PLXND1
ENSG00000123636,389,BAZ2B
ENSG00000186026,386,ZNF284
ENSG00000112238,385,PRDM13
ENSG00000182568,385,SATB1
ENSG00000116670,385,MAD2L2
ENSG00000145736,382,GTF2H2
ENSG00000118689,381,FOXO3
ENSG00000011332,380,DPF1
ENSG00000088305,380,DNMT3B
ENSG00000147649,379,MTDH
ENSG00000170561,379,IRX2
ENSG00000234444,376,ZNF736
ENSG00000104221,376,BRF2
ENSG00000120948,376,TARDBP
ENSG00000183770,375,FOXL2
ENSG00000171817,374,ZNF540
ENSG00000137574,374,TGS1
ENSG00000120738,374,EGR1
ENSG00000102870,374,ZNF629
ENSG00000269404,373,SPIB
ENSG00000039650,373,PNKP
ENSG00000164900,373,GBX1
ENSG00000197054,373,ZNF763
ENSG00000162992,372,NEUROD1
ENSG00000162624,371,LHX8
ENSG00000067066,370,SP100
ENSG00000166188,370,ZNF319
ENSG00000171116,370,HSFX1
ENSG00000164458,368,T
ENSG00000112658,367,SRF
ENSG00000124092,367,CTCFL
ENSG00000146592,365,CREB5
ENSG00000105287,365,PRKD2
ENSG00000178175,365,ZNF366
ENSG00000131848,364,ZSCAN5A
ENSG00000136367,364,ZFHX2
ENSG00000146007,364,ZMAT2
ENSG00000174282,363,ZBTB4
ENSG00000170265,362,ZNF282
ENSG00000197223,361,C1D
ENSG00000049246,361,PER3
ENSG00000100603,361,SNW1
ENSG00000197016,360,ZNF470
ENSG00000081665,360,ZNF506
ENSG00000069764,358,PLA2G10
ENSG00000178935,357,ZNF552
ENSG00000119950,356,MXI1
ENSG00000171148,356,TADA3
ENSG00000164256,355,PRDM9
ENSG00000172936,355,MYD88
ENSG00000119042,355,SATB2
ENSG00000163872,354,YEATS2
ENSG00000128604,352,IRF5
ENSG00000168779,352,SHOX2
ENSG00000134954,352,ETS1
ENSG00000196950,352,SLC39A10
ENSG00000125945,351,ZNF436
ENSG00000111802,351,TDP2
ENSG00000162702,351,ZNF281
ENSG00000137709,350,POU2F3
ENSG00000150051,348,MKX
ENSG00000251192,348,ZNF674
ENSG00000123268,348,ATF1
ENSG00000101076,347,HNF4A
ENSG00000110713,346,NUP98
ENSG00000124766,344,SOX4
ENSG00000229676,344,ZNF492
ENSG00000137310,343,TCF19
ENSG00000188994,343,ZNF292
ENSG00000213347,343,MXD3
ENSG00000170365,342,SMAD1
ENSG00000113716,342,HMGXB3
ENSG00000126456,342,IRF3
ENSG00000066117,342,SMARCD1
ENSG00000076108,341,BAZ2A
ENSG00000242852,341,ZNF709
ENSG00000179059,341,ZFP42
ENSG00000155846,340,PPARGC1B
ENSG00000082805,340,ERC1
ENSG00000117707,340,PROX1
ENSG00000161202,338,DVL3
ENSG00000135903,337,PAX3
ENSG00000173575,337,CHD2
ENSG00000168661,337,ZNF30
ENSG00000140836,337,ZFHX3
ENSG00000136807,337,CDK9
ENSG00000132010,337,ZNF20
ENSG00000102984,336,ZNF821
ENSG00000181220,336,ZNF746
ENSG00000172059,335,KLF11
ENSG00000107187,334,LHX3
ENSG00000120075,334,HOXB5
ENSG00000171161,334,ZNF672
ENSG00000137185,334,ZSCAN9
ENSG00000006194,333,ZNF263
ENSG00000171681,333,ATF7IP
ENSG00000164442,333,CITED2
ENSG00000171843,332,MLLT3
ENSG00000091010,332,POU4F3
ENSG00000167377,332,ZNF23
ENSG00000180257,331,ZNF816
ENSG00000119138,331,KLF9
ENSG00000107807,331,TLX1
ENSG00000135457,330,TFCP2
ENSG00000250571,329,GLI4
ENSG00000091656,329,ZFHX4
ENSG00000179348,329,GATA2
ENSG00000196924,328,FLNA
ENSG00000118495,328,PLAGL1
ENSG00000161642,328,ZNF385A
ENSG00000189120,328,SP6
ENSG00000183733,327,FIGLA
ENSG00000152784,327,PRDM8
ENSG00000089094,326,KDM2B
ENSG00000129535,326,NRL
ENSG00000196367,325,TRRAP
ENSG00000115738,325,ID2
ENSG00000196357,324,ZNF565
ENSG00000106571,324,GLI3
ENSG00000178096,323,BOLA1
ENSG00000129028,323,THAP10
ENSG00000170178,323,HOXD12
ENSG00000106261,323,ZKSCAN1
ENSG00000130803,322,ZNF317
ENSG00000111269,322,CREBL2
ENSG00000109320,321,NFKB1
ENSG00000108511,321,HOXB6
ENSG00000167074,321,TEF
ENSG00000185129,321,PURA
ENSG00000266412,321,NCOA4
ENSG00000172819,320,RARG
ENSG00000168496,320,FEN1
ENSG00000175387,320,SMAD2
ENSG00000106331,320,PAX4
ENSG00000089335,319,ZNF302
ENSG00000135766,319,EGLN1
ENSG00000033800,319,PIAS1
ENSG00000165556,319,CDX2
ENSG00000143379,319,SETDB1
ENSG00000112182,318,BACH2
ENSG00000171222,318,SCAND1
ENSG00000116809,318,ZBTB17
ENSG00000198176,318,TFDP1
ENSG00000132773,318,TOE1
ENSG00000214022,317,REPIN1
ENSG00000184216,317,IRAK1
ENSG00000278570,317,NR2E3
ENSG00000120669,317,SOHLH2
ENSG00000185668,316,POU3F1
ENSG00000104897,316,SF3A2
ENSG00000117036,315,ETV3
ENSG00000010818,315,HIVEP2
ENSG00000149136,314,SSRP1
ENSG00000197863,314,ZNF790
ENSG00000185177,314,ZNF479
ENSG00000163497,314,FEV
ENSG00000171604,313,CXXC5
ENSG00000185947,313,ZNF267
ENSG00000162676,312,GFI1
ENSG00000138738,312,PRDM5
ENSG00000115844,311,DLX2
ENSG00000183621,311,ZNF438
ENSG00000125740,311,FOSB
ENSG00000135638,310,EMX1
ENSG00000108654,310,DDX5
ENSG00000151789,310,ZNF385D
ENSG00000230797,310,YY2
ENSG00000082258,310,CCNT2
ENSG00000162772,310,ATF3
ENSG00000171316,310,CHD7
ENSG00000029153,310,ARNTL2
ENSG00000102935,309,ZNF423
ENSG00000090661,309,CERS4
ENSG00000187837,308,HIST1H1C
ENSG00000114853,308,ZBTB47
ENSG00000169016,308,E2F6
ENSG00000164853,308,UNCX
ENSG00000133606,308,MKRN1
ENSG00000099821,308,POLRMT
ENSG00000108604,307,SMARCD2
ENSG00000183336,307,BOLA2
ENSG00000030419,307,IKZF2
ENSG00000167380,307,ZNF226
ENSG00000125812,307,GZF1
ENSG00000066422,306,ZBTB11
ENSG00000116539,306,ASH1L
ENSG00000099917,306,MED15
ENSG00000107643,306,MAPK8
ENSG00000039600,306,SOX30
ENSG00000100030,305,MAPK1
ENSG00000129993,305,CBFA2T3
ENSG00000111046,305,MYF6
ENSG00000151090,305,THRB
ENSG00000140009,305,ESR2
ENSG00000105556,305,MIER2
ENSG00000065526,305,SPEN
ENSG00000106052,304,TAX1BP1
ENSG00000122678,304,POLM
ENSG00000258289,304,CHURC1
ENSG00000160961,304,ZNF333
ENSG00000111249,304,CUX2
ENSG00000176723,304,ZNF843
ENSG00000115507,303,OTX1
ENSG00000163435,303,ELF3
ENSG00000197213,303,ZSCAN5B
ENSG00000152433,303,ZNF547
ENSG00000164631,303,ZNF12
ENSG00000134532,302,SOX5
ENSG00000141905,302,NFIC
ENSG00000077235,301,GTF3C1
ENSG00000112592,301,TBP
ENSG00000166925,300,TSC22D4
ENSG00000205899,300,BHLHA9
ENSG00000127483,300,HP1BP3
ENSG00000144026,300,ZNF514
ENSG00000166261,300,ZNF202
ENSG00000148143,300,ZNF462
ENSG00000196275,300,GTF2IRD2
ENSG00000128710,299,HOXD10
ENSG00000185278,299,ZBTB37
ENSG00000184436,299,THAP7
ENSG00000177426,299,TGIF1
ENSG00000134758,299,RNF138
ENSG00000099949,299,LZTR1
ENSG00000179388,298,EGR3
ENSG00000173120,298,KDM2A
ENSG00000160113,297,NR2F6
ENSG00000185022,297,MAFF
ENSG00000092607,297,TBX15
ENSG00000131914,296,LIN28A
ENSG00000198517,296,MAFK
ENSG00000166432,296,ZMAT1
ENSG00000163320,296,CGGBP1
ENSG00000126351,295,THRA
ENSG00000171827,295,ZNF570
ENSG00000204209,295,DAXX
ENSG00000278318,294,ZNF229
ENSG00000177045,294,SIX5
ENSG00000184481,293,FOXO4
ENSG00000083307,293,GRHL2
ENSG00000067369,293,TP53BP1
ENSG00000141994,293,DUS3L
ENSG00000198690,293,FAN1
ENSG00000134815,293,DHX34
ENSG00000139515,292,PDX1
ENSG00000011590,291,ZBTB32
ENSG00000239713,291,APOBEC3G
ENSG00000164754,291,RAD21
ENSG00000107223,290,EDF1
ENSG00000136931,290,NR5A1
ENSG00000137203,290,TFAP2A
ENSG00000178585,290,CTNNBIP1
ENSG00000170315,289,UBB
ENSG00000121417,289,ZNF211
ENSG00000198040,289,ZNF84
ENSG00000186951,289,PPARA
ENSG00000131196,289,NFATC1
ENSG00000009950,289,MLXIPL
ENSG00000198945,288,L3MBTL3
ENSG00000178150,287,ZNF114
ENSG00000099326,287,MZF1
ENSG00000118922,287,KLF12
ENSG00000117505,287,DR1
ENSG00000175334,287,BANF1
ENSG00000176170,287,SPHK1
ENSG00000130700,287,GATA5
ENSG00000221818,286,EBF2
ENSG00000196110,286,ZNF699
ENSG00000198939,286,ZFP2
ENSG00000198429,286,ZNF69
ENSG00000105672,286,ETV2
ENSG00000160973,286,FOXH1
ENSG00000221994,285,ZNF630
ENSG00000007372,285,PAX6
ENSG00000236609,285,ZNF853
ENSG00000124831,285,LRRFIP1
ENSG00000185630,285,PBX1
ENSG00000162300,285,ZFPL1
ENSG00000062194,284,GPBP1
ENSG00000186566,284,GPATCH8
ENSG00000186448,284,ZNF197
ENSG00000143995,284,MEIS1
ENSG00000152409,284,JMY
ENSG00000163558,284,PRKCI
ENSG00000214717,284,ZBED1
ENSG00000149922,283,TBX6
ENSG00000174720,283,LARP7
ENSG00000198026,283,ZNF335
ENSG00000126804,283,ZBTB1
ENSG00000171574,282,ZNF584
ENSG00000204576,282,PRR3
ENSG00000198286,282,CARD11
ENSG00000167800,282,TBX10
ENSG00000169635,282,HIC2
ENSG00000120149,281,MSX2
ENSG00000006047,281,YBX2
ENSG00000177873,281,ZNF619
ENSG00000168269,281,FOXI1
ENSG00000184937,281,WT1
ENSG00000120068,281,HOXB8
ENSG00000104899,280,AMH
ENSG00000169981,280,ZNF35
ENSG00000152475,280,ZNF837
ENSG00000101096,280,NFATC2
ENSG00000053254,279,FOXN3
ENSG00000043355,279,ZIC2
ENSG00000261787,279,TCF24
ENSG00000168813,279,ZNF507
ENSG00000167157,279,PRRX2
ENSG00000083817,278,ZNF416
ENSG00000112365,278,ZBTB24
ENSG00000004975,278,DVL2
ENSG00000126003,278,PLAGL2
ENSG00000117475,278,BLZF1
ENSG00000082512,277,TRAF5
ENSG00000257923,277,CUX1
ENSG00000198816,277,ZNF358
ENSG00000143162,277,CREG1
ENSG00000005302,277,MSL3
ENSG00000142684,276,ZNF593
ENSG00000185610,276,DBX2
ENSG00000198440,276,ZNF583
ENSG00000159140,276,SON
ENSG00000168826,276,ZBTB49
ENSG00000188779,275,SKOR1
ENSG00000164379,275,FOXQ1
ENSG00000153130,275,SCOC
ENSG00000137504,275,CREBZF
ENSG00000125878,275,TCF15
ENSG00000188909,275,BSX
ENSG00000140479,275,PCSK6
ENSG00000104205,275,SGK3
ENSG00000169946,275,ZFPM2
ENSG00000077097,275,TOP2B
ENSG00000127603,274,MACF1
ENSG00000179361,274,ARID3B
ENSG00000174446,274,SNAPC5
ENSG00000125347,274,IRF1
ENSG00000185420,274,SMYD3
ENSG00000119715,273,ESRRB
ENSG00000177468,273,OLIG3
ENSG00000174197,273,MGA
ENSG00000157404,273,KIT
ENSG00000135363,273,LMO2
ENSG00000170689,273,HOXB9
ENSG00000100219,273,XBP1
ENSG00000141644,272,MBD1
ENSG00000139613,272,SMARCC2
ENSG00000165061,272,ZMAT4
ENSG00000260027,272,HOXB7
ENSG00000117713,271,ARID1A
ENSG00000115808,271,STRN
ENSG00000116833,271,NR5A2
ENSG00000189420,271,ZFP92
ENSG00000198028,271,ZNF560
ENSG00000165462,270,PHOX2A
ENSG00000076248,270,UNG
ENSG00000197124,270,ZNF682
ENSG00000139793,270,MBNL2
ENSG00000163161,269,ERCC3
ENSG00000135625,269,EGR4
ENSG00000185697,269,MYBL1
ENSG00000185024,269,BRF1
ENSG00000108510,268,MED13
ENSG00000036257,268,CUL3
ENSG00000096968,268,JAK2
ENSG00000147789,268,ZNF7
ENSG00000176678,267,FOXL1
ENSG00000101457,267,DNTTIP1
ENSG00000135374,267,ELF5
ENSG00000154957,267,ZNF18
ENSG00000141298,266,SSH2
ENSG00000131061,266,ZNF341
ENSG00000166268,266,MYRFL
ENSG00000078043,266,PIAS2
ENSG00000134438,266,RAX
ENSG00000079999,266,KEAP1
ENSG00000096654,266,ZNF184
ENSG00000171223,266,JUNB
ENSG00000141040,265,ZNF287
ENSG00000003402,265,CFLAR
ENSG00000133794,265,ARNTL
ENSG00000124226,265,RNF114
ENSG00000196268,264,ZNF493
ENSG00000171169,264,NAIF1
ENSG00000198646,264,NCOA6
ENSG00000185187,264,SIGIRR
ENSG00000121864,264,ZNF639
ENSG00000272333,264,KMT2B
ENSG00000175197,264,DDIT3
ENSG00000274349,264,ZNF658
ENSG00000183647,264,ZNF530
ENSG00000164104,263,HMGB2
ENSG00000012223,263,LTF
ENSG00000135111,263,TBX3
ENSG00000052850,262,ALX4
ENSG00000105329,262,TGFB1
ENSG00000148337,262,CIZ1
ENSG00000161265,262,U2AF1L4
ENSG00000165684,262,SNAPC4
ENSG00000148840,262,PPRC1
ENSG00000172292,262,CERS6
ENSG00000111704,261,NANOG
ENSG00000171649,261,ZIK1
ENSG00000174306,261,ZHX3
ENSG00000157216,261,SSBP3
ENSG00000143799,261,PARP1
ENSG00000196323,260,ZBTB44
ENSG00000175029,260,CTBP2
ENSG00000135486,260,HNRNPA1
ENSG00000150347,260,ARID5B
ENSG00000122008,260,POLK
ENSG00000197329,260,PELI1
ENSG00000149600,259,COMMD7
ENSG00000133895,259,MEN1
ENSG00000173041,259,ZNF680
ENSG00000176407,259,KCMF1
ENSG00000125520,259,SLC2A4RG
ENSG00000184302,258,SIX6
ENSG00000143614,258,GATAD2B
ENSG00000149050,257,ZNF214
ENSG00000178691,257,SUZ12
ENSG00000198105,257,ZNF248
ENSG00000106410,257,NOBOX
ENSG00000160199,257,PKNOX1
ENSG00000181852,257,RNF41
ENSG00000176887,257,SOX11
ENSG00000197063,257,MAFG
ENSG00000204519,257,ZNF551
ENSG00000102882,257,MAPK3
ENSG00000196417,257,ZNF765
ENSG00000169951,256,ZNF764
ENSG00000204227,256,RING1
ENSG00000092203,256,TOX4
ENSG00000080839,256,RBL1
ENSG00000105392,255,CRX
ENSG00000020633,255,RUNX3
ENSG00000106624,255,AEBP1
ENSG00000176302,255,FOXR1
ENSG00000182872,255,RBM10
ENSG00000163818,255,LZTFL1
ENSG00000100906,255,NFKBIA
ENSG00000180884,254,ZNF792
ENSG00000077150,254,NFKB2
ENSG00000132256,254,TRIM5
ENSG00000170100,254,ZNF778
ENSG00000165821,254,SALL2
ENSG00000105750,254,ZNF85
ENSG00000127124,254,HIVEP3
ENSG00000067646,253,ZFY
ENSG00000269067,253,ZNF728
ENSG00000151657,253,KIN
ENSG00000121903,253,ZSCAN20
ENSG00000127528,253,KLF2
ENSG00000178919,253,FOXE1
ENSG00000166823,252,MESP1
ENSG00000198633,252,ZNF534
ENSG00000163516,252,ANKZF1
ENSG00000152192,252,POU4F1
ENSG00000140044,252,JDP2
ENSG00000182983,251,ZNF662
ENSG00000174371,251,EXO1
ENSG00000169989,251,TIGD4
ENSG00000163013,251,FBXO41
ENSG00000032219,251,ARID4A
ENSG00000028277,251,POU2F2
ENSG00000124827,251,GCM2
ENSG00000105136,251,ZNF419
ENSG00000213096,250,ZNF254
ENSG00000103197,250,TSC2
ENSG00000160741,250,CRTC2
ENSG00000128610,250,FEZF1
ENSG00000139083,250,ETV6
ENSG00000188321,249,ZNF559
ENSG00000171448,249,ZBTB26
ENSG00000196460,249,RFX8
ENSG00000132846,249,ZBED3
ENSG00000107249,249,GLIS3
ENSG00000198093,249,ZNF649
ENSG00000203883,248,SOX18
ENSG00000059145,248,UNKL
ENSG00000171469,248,ZNF561
ENSG00000137074,248,APTX
ENSG00000171206,248,TRIM8
ENSG00000140262,247,TCF12
ENSG00000112200,247,ZNF451
ENSG00000124203,247,ZNF831
ENSG00000182111,247,ZNF716
ENSG00000184939,247,ZFP90
ENSG00000059122,246,FLYWCH1
ENSG00000104447,246,TRPS1
ENSG00000170396,246,ZNF804A
ENSG00000196724,245,ZNF418
ENSG00000101883,245,RHOXF1
ENSG00000104825,245,NFKBIB
ENSG00000162601,245,MYSM1
ENSG00000256771,245,ZNF253
ENSG00000114315,245,HES1
ENSG00000142409,244,ZNF787
ENSG00000185669,244,SNAI3
ENSG00000197323,244,TRIM33
ENSG00000051180,244,RAD51
ENSG00000102034,244,ELF4
ENSG00000108465,243,CDK5RAP3
ENSG00000126368,243,NR1D1
ENSG00000196700,243,ZNF512B
ENSG00000155508,243,CNOT8
ENSG00000175325,243,PROP1
ENSG00000138663,243,COPS4
ENSG00000167967,243,E4F1
ENSG00000170734,242,POLH
ENSG00000112837,242,TBX18
ENSG00000173451,242,THAP2
ENSG00000173163,241,COMMD1
ENSG00000164532,241,TBX20
ENSG00000134317,241,GRHL1
ENSG00000143190,241,POU2F1
ENSG00000185122,241,HSF1
ENSG00000131323,241,TRAF3
ENSG00000066827,241,ZFAT
ENSG00000168874,241,ATOH8
ENSG00000168152,241,THAP9
ENSG00000168267,241,PTF1A
ENSG00000180938,241,ZNF572
ENSG00000183087,240,GAS6
ENSG00000130751,240,NPAS1
ENSG00000140521,240,POLG
ENSG00000051341,240,POLQ
ENSG00000112977,240,DAP
ENSG00000146676,240,PURB
ENSG00000115207,240,GTF3C2
ENSG00000103241,240,FOXF1
ENSG00000170122,240,FOXD4
ENSG00000125846,240,ZNF133
ENSG00000215397,240,SCRT2
ENSG00000122180,240,MYOG
ENSG00000129514,240,FOXA1
ENSG00000095574,239,IKZF5
ENSG00000125816,239,NKX2-4
ENSG00000251247,239,ZNF345
ENSG00000277258,239,PCGF2
ENSG00000178163,239,ZNF518B
ENSG00000169131,239,ZNF354A
ENSG00000100625,239,SIX4
ENSG00000137166,239,FOXP4
ENSG00000141867,239,BRD4
ENSG00000172530,238,BANP
ENSG00000166886,238,NAB2
ENSG00000196378,238,ZNF34
ENSG00000178764,238,ZHX2
ENSG00000186300,238,ZNF555
ENSG00000141258,237,SGSM2
ENSG00000182463,237,TSHZ2
ENSG00000164736,237,SOX17
ENSG00000140632,237,GLYR1
ENSG00000172977,237,KAT5
ENSG00000140307,237,GTF2A2
ENSG00000144355,237,DLX1
ENSG00000179981,236,TSHZ1
ENSG00000105879,236,CBLL1
ENSG00000108799,236,EZH1
ENSG00000130675,236,MNX1
ENSG00000171295,236,ZNF440
ENSG00000142867,236,BCL10
ENSG00000182742,236,HOXB4
ENSG00000157933,235,SKI
ENSG00000187772,235,LIN28B
ENSG00000140332,235,TLE3
ENSG00000172468,235,HSFY1
ENSG00000122859,235,NEUROG3
ENSG00000180530,235,NRIP1
ENSG00000156127,235,BATF
ENSG00000171940,235,ZNF217
ENSG00000261678,234,SCRT1
ENSG00000153896,234,ZNF599
ENSG00000180667,234,YOD1
ENSG00000116016,234,EPAS1
ENSG00000242802,234,AP5Z1
ENSG00000167182,234,SP2
ENSG00000065029,234,ZNF76
ENSG00000215421,234,ZNF407
ENSG00000136603,234,SKIL
ENSG00000163867,233,ZMYM6
ENSG00000060138,233,YBX3
ENSG00000167393,233,PPP2R3B
ENSG00000101695,233,RNF125
ENSG00000166987,233,MBD6
ENSG00000064393,233,HIPK2
ENSG00000119547,232,ONECUT2
ENSG00000115020,232,PIKFYVE
ENSG00000214513,232,NOTO
ENSG00000121406,232,ZNF549
ENSG00000170802,232,FOXN2
ENSG00000112511,232,PHF1
ENSG00000069812,232,HES2
ENSG00000088038,232,CNOT3
ENSG00000114026,231,OGG1
ENSG00000196576,231,PLXNB2
ENSG00000175352,231,NRIP3
ENSG00000197497,231,ZNF665
ENSG00000181222,231,POLR2A
ENSG00000204388,231,HSPA1B
ENSG00000123933,230,MXD4
ENSG00000113595,230,TRIM23
ENSG00000233608,230,TWIST2
ENSG00000186660,230,ZFP91
ENSG00000156983,230,BRPF1
ENSG00000263001,230,GTF2I
ENSG00000167548,230,KMT2D
ENSG00000150991,230,UBC
ENSG00000066697,229,MSANTD3
ENSG00000147180,229,ZNF711
ENSG00000087157,229,PGS1
ENSG00000074047,229,GLI2
ENSG00000164296,229,TIGD6
ENSG00000168348,229,INSM2
ENSG00000164107,229,HAND2
ENSG00000142208,228,AKT1
ENSG00000137309,228,HMGA1
ENSG00000186777,228,ZNF732
ENSG00000125817,228,CENPB
ENSG00000050748,228,MAPK9
ENSG00000106785,228,TRIM14
ENSG00000048405,228,ZNF800
ENSG00000131788,228,PIAS3
ENSG00000196705,228,ZNF431
ENSG00000182986,228,ZNF320
ENSG00000152804,228,HHEX
ENSG00000105996,228,HOXA2
ENSG00000168772,228,CXXC4
ENSG00000109685,228,NSD2
ENSG00000100815,228,TRIP11
ENSG00000215474,227,SKOR2
ENSG00000162086,227,ZNF75A
ENSG00000100426,227,ZBED4
ENSG00000139352,227,ASCL1
ENSG00000197935,227,ZNF311
ENSG00000006576,227,PHTF2
ENSG00000070018,227,LRP6
ENSG00000249709,227,ZNF564
ENSG00000248483,226,POU5F2
ENSG00000097007,226,ABL1
ENSG00000101412,226,E2F1
ENSG00000132478,225,UNK
ENSG00000088881,225,EBF4
ENSG00000183337,225,BCOR
ENSG00000119508,224,NR4A3
ENSG00000123407,224,HOXC12
ENSG00000120693,224,SMAD9
ENSG00000175467,224,SART1
ENSG00000111206,224,FOXM1
ENSG00000169926,224,KLF13
ENSG00000188629,224,ZNF177
ENSG00000215021,224,PHB2
ENSG00000146414,224,SHPRH
ENSG00000177551,224,NHLH2
ENSG00000174428,224,GTF2IRD2B
ENSG00000182348,223,ZNF804B
ENSG00000110768,223,GTF2H1
ENSG00000184445,223,KNTC1
ENSG00000126012,223,KDM5C
ENSG00000154222,223,CC2D1B
ENSG00000186020,223,ZNF529
ENSG00000185252,223,ZNF74
ENSG00000131408,223,NR1H2
ENSG00000112062,223,MAPK14
ENSG00000170515,222,PA2G4
ENSG00000198353,222,HOXC4
ENSG00000171862,222,PTEN
ENSG00000177374,222,HIC1
ENSG00000196092,222,PAX5
ENSG00000196843,222,ARID5A
ENSG00000256463,221,SALL3
ENSG00000253293,221,HOXA10
ENSG00000141510,220,TP53
ENSG00000068323,220,TFE3
ENSG00000168283,220,BMI1
ENSG00000072736,220,NFATC3
ENSG00000121691,220,CAT
ENSG00000184357,220,HIST1H1B
ENSG00000234127,220,TRIM26
ENSG00000153234,220,NR4A2
ENSG00000132024,220,CC2D1A
ENSG00000055609,219,KMT2C
ENSG00000134323,219,MYCN
ENSG00000198169,219,ZNF251
ENSG00000171291,219,ZNF439
ENSG00000165259,219,HDX
ENSG00000163808,219,KIF15
ENSG00000181896,219,ZNF101
ENSG00000100722,218,ZC3H14
ENSG00000170949,218,ZNF160
ENSG00000197024,218,ZNF398
ENSG00000198900,218,TOP1
ENSG00000115641,218,FHL2
ENSG00000181450,218,ZNF678
ENSG00000143578,218,CREB3L4
ENSG00000125533,218,BHLHE23
ENSG00000171786,218,NHLH1
ENSG00000069011,218,PITX1
ENSG00000159692,218,CTBP1
ENSG00000183309,218,ZNF623
ENSG00000103199,218,ZNF500
ENSG00000163481,217,RNF25
ENSG00000198538,217,ZNF28
ENSG00000165672,217,PRDX3
ENSG00000188070,217,C11orf95
ENSG00000102189,217,EEA1
ENSG00000160310,217,PRMT2
ENSG00000138772,217,ANXA3
ENSG00000163170,216,BOLA3
ENSG00000175105,216,ZNF654
ENSG00000144655,216,CSRNP1
ENSG00000057657,216,PRDM1
ENSG00000177606,216,JUN
ENSG00000176083,216,ZNF683
ENSG00000049768,216,FOXP3
ENSG00000188868,216,ZNF563
ENSG00000143365,215,RORC
ENSG00000114554,215,PLXNA1
ENSG00000089280,215,FUS
ENSG00000165066,215,NKX6-3
ENSG00000055332,215,EIF2AK2
ENSG00000172667,215,ZMAT3
ENSG00000180964,215,TCEAL8
ENSG00000147854,215,UHRF2
ENSG00000167986,214,DDB1
ENSG00000179455,214,MKRN3
ENSG00000129194,214,SOX15
ENSG00000251369,214,ZNF550
ENSG00000128645,214,HOXD1
ENSG00000007968,214,E2F2
ENSG00000067082,213,KLF6
ENSG00000138136,213,LBX1
ENSG00000175787,213,ZNF169
ENSG00000176472,213,ZNF575
ENSG00000198482,212,ZNF808
ENSG00000142700,212,DMRTA2
ENSG00000198824,212,CHAMP1
ENSG00000167625,212,ZNF526
ENSG00000055208,212,TAB2
ENSG00000256087,212,ZNF432
ENSG00000090612,212,ZNF268
ENSG00000164778,212,EN2
ENSG00000172818,212,OVOL1
ENSG00000180828,212,BHLHE22
ENSG00000185238,211,PRMT3
ENSG00000118412,211,CASP8AP2
ENSG00000105880,211,DLX5
ENSG00000131759,211,RARA
ENSG00000160062,211,ZBTB8A
ENSG00000115548,211,KDM3A
ENSG00000154655,211,L3MBTL4
ENSG00000178229,211,ZNF543
ENSG00000125952,211,MAX
ENSG00000109381,211,ELF2
ENSG00000103037,210,SETD6
ENSG00000278129,210,ZNF8
ENSG00000197170,210,PSMD12
ENSG00000275004,210,ZNF280B
ENSG00000166501,210,PRKCB
ENSG00000186790,210,FOXE3
ENSG00000065970,210,FOXJ2
ENSG00000227059,210,ANHX
ENSG00000180806,210,HOXC9
ENSG00000162337,209,LRP5
ENSG00000137871,209,ZNF280D
ENSG00000100150,209,DEPDC5
ENSG00000005801,209,ZNF195
ENSG00000107859,209,PITX3
ENSG00000185002,208,RFX6
ENSG00000258315,208,C17orf49
ENSG00000128709,208,HOXD9
ENSG00000171425,208,ZNF581
ENSG00000171956,208,FOXB1
ENSG00000179930,207,ZNF648
ENSG00000106038,207,EVX1
ENSG00000197587,207,DMBX1
ENSG00000121068,207,TBX2
ENSG00000143178,207,TBX19
ENSG00000186446,207,ZNF501
ENSG00000102760,207,RGCC
ENSG00000152518,207,ZFP36L2
ENSG00000110395,206,CBL
ENSG00000133703,206,KRAS
ENSG00000213799,206,ZNF845
ENSG00000181690,206,PLAG1
ENSG00000131116,206,ZNF428
ENSG00000275410,206,HNF1B
ENSG00000170577,206,SIX2
ENSG00000100823,206,APEX1
ENSG00000181638,205,ZFP41
ENSG00000185404,205,SP140L
ENSG00000118900,205,UBN1
ENSG00000197302,205,ZNF720
ENSG00000104312,205,RIPK2
ENSG00000147140,205,NONO
ENSG00000147596,205,PRDM14
ENSG00000185730,205,ZNF696
ENSG00000159387,205,IRX6
ENSG00000174279,205,EVX2
ENSG00000118058,205,KMT2A
ENSG00000173153,205,ESRRA
ENSG00000176399,204,DMRTA1
ENSG00000105708,204,ZNF14
ENSG00000109445,204,ZNF330
ENSG00000103152,204,MPG
ENSG00000147118,204,ZNF182
ENSG00000186814,204,ZSCAN30
ENSG00000162302,204,RPS6KA4
ENSG00000112685,204,EXOC2
ENSG00000155506,203,LARP1
ENSG00000105559,203,PLEKHA4
ENSG00000205143,203,ARID3C
ENSG00000181965,203,NEUROG1
ENSG00000132950,203,ZMYM5
ENSG00000124232,203,RBPJL
ENSG00000116062,203,MSH6
ENSG00000182158,203,CREB3L2
ENSG00000081189,203,MEF2C
ENSG00000005513,202,SOX8
ENSG00000198464,202,ZNF480
ENSG00000237765,202,FAM200B
ENSG00000168769,201,TET2
ENSG00000122877,201,EGR2
ENSG00000161813,201,LARP4
ENSG00000197579,201,TOPORS
ENSG00000181666,201,HKR1
ENSG00000131845,201,ZNF304
ENSG00000103168,201,TAF1C
ENSG00000140396,201,NCOA2
ENSG00000071655,200,MBD3
ENSG00000181722,200,ZBTB20
ENSG00000100281,200,HMGXB4
ENSG00000197951,200,ZNF71
ENSG00000113196,200,HAND1
ENSG00000189079,200,ARID2
ENSG00000117318,200,ID3
ENSG00000186017,200,ZNF566
ENSG00000129071,200,MBD4
ENSG00000167491,200,GATAD2A
ENSG00000163159,200,VPS72
ENSG00000143006,200,DMRTB1
ENSG00000177463,200,NR2C2
ENSG00000076604,200,TRAF4
ENSG00000138311,199,ZNF365
ENSG00000029993,199,HMGB3
ENSG00000142856,199,ITGB3BP
ENSG00000211460,199,TSN
ENSG00000078403,198,MLLT10
ENSG00000215271,198,HOMEZ
ENSG00000119574,198,ZBTB45
ENSG00000147601,198,TERF1
ENSG00000196263,198,ZNF471
ENSG00000185591,198,SP1
ENSG00000118260,198,CREB1
ENSG00000106462,198,EZH2
ENSG00000122386,198,ZNF205
ENSG00000167685,198,ZNF444
ENSG00000204524,198,ZNF805
ENSG00000198455,198,ZXDB
ENSG00000159905,198,ZNF221
ENSG00000130818,198,ZNF426
ENSG00000198815,198,FOXJ3
ENSG00000138795,198,LEF1
ENSG00000136936,198,XPA
ENSG00000179833,198,SERTAD2
ENSG00000113387,198,SUB1
ENSG00000042088,198,TDP1
ENSG00000171970,197,ZNF57
ENSG00000025293,197,PHF20
ENSG00000012048,197,BRCA1
ENSG00000130844,197,ZNF331
ENSG00000256683,197,ZNF350
ENSG00000258405,197,ZNF578
ENSG00000205213,196,LGR4
ENSG00000075407,196,ZNF37A
ENSG00000154727,196,GABPA
ENSG00000078900,196,TP73
ENSG00000107262,196,BAG1
ENSG00000197123,196,ZNF679
ENSG00000114439,196,BBX
ENSG00000126778,196,SIX1
ENSG00000173404,196,INSM1
ENSG00000168062,196,BATF2
ENSG00000024526,195,DEPDC1
ENSG00000166478,195,ZNF143
ENSG00000128714,195,HOXD13
ENSG00000104824,195,HNRNPL
ENSG00000198862,195,LTN1
ENSG00000162761,194,LMX1A
ENSG00000213676,194,ATF6B
ENSG00000123685,194,BATF3
ENSG00000213988,194,ZNF90
ENSG00000189056,194,RELN
ENSG00000168505,194,GBX2
ENSG00000123388,194,HOXC11
ENSG00000197841,194,ZNF181
ENSG00000179943,194,FIZ1
ENSG00000122691,194,TWIST1
ENSG00000198346,194,ZNF813
ENSG00000172238,193,ATOH1
ENSG00000088888,193,MAVS
ENSG00000117139,193,KDM5B
ENSG00000171867,193,PRNP
ENSG00000128713,193,HOXD11
ENSG00000114126,193,TFDP2
ENSG00000235109,193,ZSCAN31
ENSG00000276043,193,UHRF1
ENSG00000143032,193,BARHL2
ENSG00000156273,192,BACH1
ENSG00000186051,192,TAL2
ENSG00000131127,192,ZNF141
ENSG00000220201,192,ZGLP1
ENSG00000197128,192,ZNF772
ENSG00000175592,192,FOSL1
ENSG00000120963,191,ZNF706
ENSG00000198911,191,SREBF2
ENSG00000173276,191,ZBTB21
ENSG00000169714,191,CNBP
ENSG00000166266,191,CUL5
ENSG00000141027,191,NCOR1
ENSG00000005102,191,MEOX1
ENSG00000105887,191,MTPN
ENSG00000159592,190,GPBP1L1
ENSG00000166848,190,TERF2IP
ENSG00000123576,190,ESX1
ENSG00000198265,190,HELZ
ENSG00000269335,190,IKBKG
ENSG00000187605,190,TET3
ENSG00000175879,190,HOXD8
ENSG00000025434,190,NR1H3
ENSG00000198131,189,ZNF544
ENSG00000197279,189,ZNF165
ENSG00000147183,189,CPXCR1
ENSG00000181444,189,ZNF467
ENSG00000157429,189,ZNF19
ENSG00000146757,189,ZNF92
ENSG00000159184,189,HOXB13
ENSG00000180855,189,ZNF443
ENSG00000173825,189,TIGD3
ENSG00000149948,188,HMGA2
ENSG00000180357,188,ZNF609
ENSG00000173894,188,CBX2
ENSG00000010803,188,SCMH1
ENSG00000140577,188,CRTC3
ENSG00000115966,188,ATF2
ENSG00000134852,188,CLOCK
ENSG00000198740,188,ZNF652
ENSG00000197619,188,ZNF615
ENSG00000133937,188,GSC
ENSG00000054598,188,FOXC1
ENSG00000170260,187,ZNF212
ENSG00000272602,187,ZNF595
ENSG00000165655,187,ZNF503
ENSG00000161298,187,ZNF382
ENSG00000180035,187,ZNF48
ENSG00000186103,187,ARGFX
ENSG00000065675,187,PRKCQ
ENSG00000004534,187,RBM6
ENSG00000180340,187,FZD2
ENSG00000105497,187,ZNF175
ENSG00000108395,187,TRIM37
ENSG00000179750,187,APOBEC3B
ENSG00000169155,187,ZBTB43
ENSG00000084676,187,NCOA1
ENSG00000083642,187,PDS5B
ENSG00000161021,187,MAML1
ENSG00000124201,187,ZNFX1
ENSG00000213793,187,ZNF888
ENSG00000128573,187,FOXP2
ENSG00000100324,187,TAB1
ENSG00000164011,187,ZNF691
ENSG00000167562,186,ZNF701
ENSG00000197451,186,HNRNPAB
ENSG00000137265,186,IRF4
ENSG00000118526,186,TCF21
ENSG00000183734,186,ASCL2
ENSG00000168875,186,SOX14
ENSG00000083844,186,ZNF264
ENSG00000184634,186,MED12
ENSG00000050344,186,NFE2L3
ENSG00000177200,185,CHD9
ENSG00000196418,185,ZNF124
ENSG00000110925,185,CSRNP2
ENSG00000173039,185,RELA
ENSG00000104375,185,STK3
ENSG00000148737,185,TCF7L2
ENSG00000150907,185,FOXO1
ENSG00000153560,185,UBP1
ENSG00000118156,185,ZNF541
ENSG00000124177,185,CHD6
ENSG00000187792,185,ZNF70
ENSG00000188313,185,PLSCR1
ENSG00000073614,185,KDM5A
ENSG00000105127,184,AKAP8
ENSG00000154832,184,CXXC1
ENSG00000125850,184,OVOL2
ENSG00000145088,184,EAF2
ENSG00000145734,184,BDP1
ENSG00000118513,184,MYB
ENSG00000143157,184,POGK
ENSG00000137270,184,GCM1
ENSG00000198466,184,ZNF587
ENSG00000205581,184,HMGN1
ENSG00000130544,184,ZNF557
ENSG00000172732,184,MUS81
ENSG00000175395,184,ZNF25
ENSG00000198298,184,ZNF485
ENSG00000184492,184,FOXD4L1
ENSG00000176165,184,FOXG1
ENSG00000111087,184,GLI1
ENSG00000131115,183,ZNF227
ENSG00000249471,183,ZNF324B
ENSG00000188033,183,ZNF490
ENSG00000157657,183,ZNF618
ENSG00000116560,183,SFPQ
ENSG00000172000,183,ZNF556
ENSG00000214575,183,CPEB1
ENSG00000105939,183,ZC3HAV1
ENSG00000166228,183,PCBD1
ENSG00000108001,183,EBF3
ENSG00000131931,183,THAP1
ENSG00000116132,183,PRRX1
ENSG00000170608,183,FOXA3
ENSG00000170485,183,NPAS2
ENSG00000176679,182,TGIF2LY
ENSG00000275700,182,AATF
ENSG00000105856,182,HBP1
ENSG00000165671,182,NSD1
ENSG00000179922,182,ZNF784
ENSG00000161551,182,ZNF577
ENSG00000159556,181,ISL2
ENSG00000020256,181,ZFP64
ENSG00000125686,181,MED1
ENSG00000111912,181,NCOA7
ENSG00000132005,181,RFX1
ENSG00000167384,181,ZNF180
ENSG00000115661,181,STK16
ENSG00000213967,181,ZNF726
ENSG00000160007,181,ARHGAP35
ENSG00000181135,181,ZNF707
ENSG00000213341,181,CHUK
ENSG00000132964,181,CDK8
ENSG00000225614,180,ZNF469
ENSG00000185155,180,MIXL1
ENSG00000148450,180,MSRB2
ENSG00000159216,180,RUNX1
ENSG00000151615,180,POU4F2
ENSG00000182318,180,ZSCAN22
ENSG00000178665,180,ZNF713
ENSG00000047315,180,POLR2B
ENSG00000096717,180,SIRT1
ENSG00000129173,179,E2F8
ENSG00000137338,179,PGBD1
ENSG00000108813,179,DLX4
ENSG00000083223,179,ZCCHC6
ENSG00000175329,179,ISX
ENSG00000121390,179,PSPC1
ENSG00000197714,179,ZNF460
ENSG00000221869,179,CEBPD
ENSG00000156374,179,PCGF6
ENSG00000204103,179,MAFB
ENSG00000189190,178,ZNF600
ENSG00000124216,178,SNAI1
ENSG00000172888,178,ZNF621
ENSG00000197363,178,ZNF517
ENSG00000092098,178,RNF31
ENSG00000131263,178,RLIM
ENSG00000186153,178,WWOX
ENSG00000163792,178,TCF23
ENSG00000130254,178,SAFB2
ENSG00000213973,178,ZNF99
ENSG00000091831,177,ESR1
ENSG00000175213,177,ZNF408
ENSG00000100811,177,YY1
ENSG00000152454,177,ZNF256
ENSG00000188295,177,ZNF669
ENSG00000124613,177,ZNF391
ENSG00000103495,177,MAZ
ENSG00000273706,177,LHX1
ENSG00000130511,177,SSBP4
ENSG00000104907,177,TRMT1
ENSG00000197779,176,ZNF81
ENSG00000183474,176,GTF2H2C
ENSG00000070444,176,MNT
ENSG00000171872,176,KLF17
ENSG00000110851,176,PRDM4
ENSG00000179456,176,ZBTB18
ENSG00000172466,175,ZNF24
ENSG00000186416,175,NKRF
ENSG00000054118,175,THRAP3
ENSG00000136574,175,GATA4
ENSG00000184897,175,H1FX
ENSG00000196109,175,ZNF676
ENSG00000010671,175,BTK
ENSG00000174652,174,ZNF266
ENSG00000167081,174,PBX3
ENSG00000170004,174,CHD3
ENSG00000133111,174,RFXAP
ENSG00000267680,174,ZNF224
ENSG00000135341,174,MAP3K7
ENSG00000141968,174,VAV1
ENSG00000139445,173,FOXN4
ENSG00000198839,173,ZNF277
ENSG00000188620,173,HMX3
ENSG00000204366,173,ZBTB12
ENSG00000171735,173,CAMTA1
ENSG00000121690,173,DEPDC7
ENSG00000152439,172,ZNF773
ENSG00000119919,172,NKX2-3
ENSG00000163874,172,ZC3H12A
ENSG00000236287,172,ZBED5
ENSG00000197928,172,ZNF677
ENSG00000198182,172,ZNF607
ENSG00000172216,172,CEBPB
ENSG00000204595,172,DPRX
ENSG00000173976,172,RAX2
ENSG00000167604,172,NFKBID
ENSG00000075891,172,PAX2
ENSG00000152601,171,MBNL1
ENSG00000188290,171,HES4
ENSG00000014164,171,ZC3H3
ENSG00000173673,171,HES3
ENSG00000113722,171,CDX1
ENSG00000164306,171,PRIMPOL
ENSG00000179627,171,ZBTB42
ENSG00000137193,171,PIM1
ENSG00000104885,171,DOT1L
ENSG00000146618,170,FERD3L
ENSG00000126705,170,AHDC1
ENSG00000214652,170,ZNF727
ENSG00000145687,170,SSBP2
ENSG00000135547,170,HEY2
ENSG00000101868,170,POLA1
ENSG00000127081,170,ZNF484
ENSG00000103490,170,PYCARD
ENSG00000157259,170,GATAD1
ENSG00000198146,170,ZNF770
ENSG00000158290,170,CUL4B
ENSG00000056097,170,ZFR
ENSG00000095002,170,MSH2
ENSG00000168610,170,STAT3
ENSG00000078747,170,ITCH
ENSG00000173917,170,HOXB2
ENSG00000185507,170,IRF7
ENSG00000174576,169,NPAS4
ENSG00000102554,169,KLF5
ENSG00000257446,169,ZNF878
ENSG00000153187,169,HNRNPU
ENSG00000162924,169,REL
ENSG00000074657,168,ZNF532
ENSG00000188786,168,MTF1
ENSG00000169957,168,ZNF768
ENSG00000101843,168,PSMD10
ENSG00000230989,168,HSBP1
ENSG00000131849,168,ZNF132
ENSG00000198205,168,ZXDA
ENSG00000139746,168,RBM26
ENSG00000012504,168,NR1H4
ENSG00000129315,168,CCNT1
ENSG00000074219,168,TEAD2
ENSG00000169297,167,NR0B1
ENSG00000187325,167,TAF9B
ENSG00000176692,167,FOXC2
ENSG00000104964,167,AES
ENSG00000198453,167,ZNF568
ENSG00000185219,167,ZNF445
ENSG00000176160,167,HSF5
ENSG00000180613,167,GSX2
ENSG00000101255,167,TRIB3
ENSG00000197020,167,ZNF100
ENSG00000139154,167,AEBP2
ENSG00000148704,167,VAX1
ENSG00000229809,167,ZNF688
ENSG00000187821,166,HELT
ENSG00000164684,166,ZNF704
ENSG00000149054,166,ZNF215
ENSG00000176248,166,ANAPC2
ENSG00000204946,166,ZNF783
ENSG00000092067,166,CEBPE
ENSG00000056586,166,RC3H2
ENSG00000006377,166,DLX6
ENSG00000108509,166,CAMTA2
ENSG00000125931,166,CITED1
ENSG00000116604,165,MEF2D
ENSG00000116478,165,HDAC1
ENSG00000186564,165,FOXD2
ENSG00000198791,165,CNOT7
ENSG00000069275,165,NUCKS1
ENSG00000129654,164,FOXJ1
ENSG00000106536,164,POU6F2
ENSG00000235608,164,NKX1-1
ENSG00000137764,164,MAP2K5
ENSG00000189046,164,ALKBH2
ENSG00000153779,164,TGIF2LX
ENSG00000143390,163,RFX5
ENSG00000118620,163,ZNF430
ENSG00000198914,163,POU3F3
ENSG00000130338,163,TULP4
ENSG00000118707,163,TGIF2
ENSG00000159388,163,BTG2
ENSG00000158691,163,ZSCAN12
ENSG00000179528,163,LBX2
ENSG00000100644,163,HIF1A
ENSG00000197647,163,ZNF433
ENSG00000167395,162,ZNF646
ENSG00000134874,162,DZIP1
ENSG00000164916,162,FOXK1
ENSG00000137834,162,SMAD6
ENSG00000139842,162,CUL4A
ENSG00000183850,162,ZNF730
ENSG00000136870,162,ZNF189
ENSG00000143418,162,CERS2
ENSG00000167981,162,ZNF597
ENSG00000244687,162,UBE2V1
ENSG00000140464,162,PML
ENSG00000105261,162,OVOL3
ENSG00000100836,162,PABPN1
ENSG00000156925,161,ZIC3
ENSG00000109851,161,DBX1
ENSG00000197385,161,ZNF860
ENSG00000142082,161,SIRT3
ENSG00000180535,161,BHLHA15
ENSG00000163909,161,HEYL
ENSG00000095564,161,BTAF1
ENSG00000147862,161,NFIB
ENSG00000162419,161,GMEB1
ENSG00000141646,161,SMAD4
ENSG00000158773,161,USF1
ENSG00000011451,161,WIZ
ENSG00000169548,160,ZNF280A
ENSG00000179588,160,ZFPM1
ENSG00000131264,160,CDX4
ENSG00000035928,160,RFC1
ENSG00000139372,160,TDG
ENSG00000186487,160,MYT1L
ENSG00000113580,160,NR3C1
ENSG00000138336,160,TET1
ENSG00000168883,159,USP39
ENSG00000125826,159,RBCK1
ENSG00000173011,159,TADA2B
ENSG00000103423,159,DNAJA3
ENSG00000196381,159,ZNF781
ENSG00000196628,159,TCF4
ENSG00000139620,159,KANSL2
ENSG00000159086,158,PAXBP1
ENSG00000205250,158,E2F4
ENSG00000126464,158,PRR12
ENSG00000182944,158,EWSR1
ENSG00000122482,158,ZNF644
ENSG00000160336,158,ZNF761
ENSG00000168286,158,THAP11
ENSG00000197566,158,ZNF624
ENSG00000086102,158,NFX1
ENSG00000173875,158,ZNF791
ENSG00000164683,158,HEY1
ENSG00000155545,158,MIER3
ENSG00000212993,158,POU5F1B
ENSG00000036549,158,ZZZ3
ENSG00000089225,158,TBX5
ENSG00000123066,158,MED13L
ENSG00000196152,158,ZNF79
ENSG00000165030,158,NFIL3
ENSG00000065978,158,YBX1
ENSG00000080298,157,RFX3
ENSG00000218891,157,ZNF579
ENSG00000177352,157,CCDC71
ENSG00000196767,157,POU3F4
ENSG00000187446,157,CHP1
ENSG00000005889,157,ZFX
ENSG00000183072,157,NKX2-5
ENSG00000149311,157,ATM
ENSG00000105610,157,KLF1
ENSG00000101126,156,ADNP
ENSG00000253831,156,ETV3L
ENSG00000117000,156,RLF
ENSG00000154920,156,EME1
ENSG00000172748,156,ZNF596
ENSG00000124496,156,TRERF1
ENSG00000159263,156,SIM2
ENSG00000106031,156,HOXA13
ENSG00000131242,156,RAB11FIP4
ENSG00000229544,156,NKX1-2
ENSG00000005436,155,GCFC2
ENSG00000111783,155,RFX4
ENSG00000173253,155,DMRT2
ENSG00000141568,155,FOXK2
ENSG00000114166,155,KAT2B
ENSG00000019549,155,SNAI2
ENSG00000166704,155,ZNF606
ENSG00000179772,155,FOXS1
ENSG00000160224,155,AIRE
ENSG00000113916,155,BCL6
ENSG00000183340,155,JRKL
ENSG00000112246,155,SIM1
ENSG00000085644,155,ZNF213
ENSG00000111653,155,ING4
ENSG00000205927,155,OLIG2
ENSG00000122592,154,HOXA7
ENSG00000142065,154,ZFP14
ENSG00000104064,154,GABPB1
ENSG00000178295,154,GEN1
ENSG00000177888,154,ZBTB41
ENSG00000106290,154,TAF6
ENSG00000163939,154,PBRM1
ENSG00000256223,154,ZNF10
ENSG00000177125,154,ZBTB34
ENSG00000251493,154,FOXD1
ENSG00000273841,154,TAF9
ENSG00000072364,154,AFF4
ENSG00000175727,153,MLXIP
ENSG00000196456,153,ZNF775
ENSG00000213780,153,GTF2H4
ENSG00000064961,153,HMG20B
ENSG00000124813,153,RUNX2
ENSG00000067955,153,CBFB
ENSG00000107929,153,LARP4B
ENSG00000140968,153,IRF8
ENSG00000230257,153,NFE4
ENSG00000068903,153,SIRT2
ENSG00000188785,153,ZNF548
ENSG00000018869,152,ZNF582
ENSG00000120093,152,HOXB3
ENSG00000197921,152,HES5
ENSG00000196605,152,ZNF846
ENSG00000123358,152,NR4A1
ENSG00000127152,152,BCL11B
ENSG00000197362,152,ZNF786
ENSG00000163623,152,NKX6-1
ENSG00000160908,152,ZNF394
ENSG00000169564,152,PCBP1
ENSG00000087903,151,RFX2
ENSG00000164185,151,ZNF474
ENSG00000142599,151,RERE
ENSG00000139651,151,ZNF740
ENSG00000125398,151,SOX9
ENSG00000134046,151,MBD2
ENSG00000196792,151,STRN3
ENSG00000180818,151,HOXC10
ENSG00000180787,151,ZFP3
ENSG00000064995,151,TAF11
ENSG00000124782,151,RREB1
ENSG00000167555,151,ZNF528
ENSG00000168795,151,ZBTB5
ENSG00000073282,150,TP63
ENSG00000145908,150,ZNF300
ENSG00000163666,150,HESX1
ENSG00000170370,150,EMX2
ENSG00000168916,150,ZNF608
ENSG00000156853,150,ZNF689
ENSG00000179195,150,ZNF664
ENSG00000197937,150,ZNF347
ENSG00000198551,150,ZNF627
ENSG00000004487,150,KDM1A
ENSG00000161940,149,BCL6B
ENSG00000165244,149,ZNF367
ENSG00000169840,149,GSX1
ENSG00000008083,149,JARID2
ENSG00000165512,149,ZNF22
ENSG00000130711,149,PRDM12
ENSG00000178338,149,ZNF354B
ENSG00000119608,149,PROX2
ENSG00000196946,148,ZNF705A
ENSG00000147421,148,HMBOX1
ENSG00000166949,148,SMAD3
ENSG00000134744,148,ZCCHC11
ENSG00000123200,148,ZC3H13
ENSG00000169249,148,ZRSR2
ENSG00000267508,148,ZNF285
ENSG00000196793,148,ZNF239
ENSG00000157625,148,TAB3
ENSG00000197044,148,ZNF441
ENSG00000010539,148,ZNF200
ENSG00000162714,148,ZNF496
ENSG00000175322,147,ZNF519
ENSG00000005339,147,CREBBP
ENSG00000269699,147,ZIM2
ENSG00000108064,147,TFAM
ENSG00000185386,147,MAPK11
ENSG00000185670,147,ZBTB3
ENSG00000135945,147,REV1
ENSG00000197483,147,ZNF628
ENSG00000153975,147,ZUFSP
ENSG00000083168,146,KAT6A
ENSG00000197933,146,ZNF823
ENSG00000028839,146,TBPL1
ENSG00000164749,146,HNF4G
ENSG00000091009,146,RBM27
ENSG00000172845,146,SP3
ENSG00000041988,146,THAP3
ENSG00000130940,146,CASZ1
ENSG00000115568,146,ZNF142
ENSG00000213246,146,SUPT4H1
ENSG00000173275,146,ZNF449
ENSG00000170684,146,ZNF296
ENSG00000223547,145,ZNF844
ENSG00000078399,145,HOXA9
ENSG00000124575,145,HIST1H1D
ENSG00000063438,145,AHRR
ENSG00000064835,145,POU1F1
ENSG00000159885,145,ZNF222
ENSG00000157613,145,CREB3L1
ENSG00000177508,145,IRX3
ENSG00000123405,145,NFE2
ENSG00000108788,145,MLX
ENSG00000143067,145,ZNF697
ENSG00000223614,145,ZNF735
ENSG00000142556,145,ZNF614
ENSG00000162664,145,ZNF326
ENSG00000107372,145,ZFAND5
ENSG00000105717,145,PBX4
ENSG00000165417,144,GTF2A1
ENSG00000204060,144,FOXO6
ENSG00000261221,144,ZNF865
ENSG00000116035,144,VAX2
ENSG00000037965,144,HOXC8
ENSG00000029363,144,BCLAF1
ENSG00000085274,144,MYNN
ENSG00000182979,144,MTA1
ENSG00000166454,144,ATMIN
ENSG00000176182,144,MYPOP
ENSG00000197905,144,TEAD4
ENSG00000082175,144,PGR
ENSG00000167528,144,ZNF641
ENSG00000172733,143,PURG
ENSG00000126767,143,ELK1
ENSG00000203989,143,RHOXF2B
ENSG00000197608,143,ZNF841
ENSG00000116731,143,PRDM2
ENSG00000176024,143,ZNF613
ENSG00000144747,143,TMF1
ENSG00000151702,143,FLI1
ENSG00000171720,142,HDAC3
ENSG00000165606,142,DRGX
ENSG00000128829,142,EIF2AK4
ENSG00000144554,142,FANCD2
ENSG00000173258,142,ZNF483
ENSG00000123307,142,NEUROD4
ENSG00000118515,142,SGK1
ENSG00000143842,142,SOX13
ENSG00000063515,142,GSC2
ENSG00000172493,142,AFF1
ENSG00000176842,142,IRX5
ENSG00000187855,142,ASCL4
ENSG00000064313,142,TAF2
ENSG00000198185,142,ZNF334
ENSG00000177683,141,THAP5
ENSG00000179115,141,FARSA
ENSG00000083828,141,ZNF586
ENSG00000187595,141,ZNF385C
ENSG00000165632,140,TAF3
ENSG00000101216,140,GMEB2
ENSG00000151322,140,NPAS3
ENSG00000153147,140,SMARCA5
ENSG00000087510,140,TFAP2C
ENSG00000124795,140,DEK
ENSG00000170903,140,MSANTD4
ENSG00000116044,140,NFE2L2
ENSG00000197857,140,ZNF44
ENSG00000124664,140,SPDEF
ENSG00000122145,139,TBX22
ENSG00000196235,139,SUPT5H
ENSG00000197343,139,ZNF655
ENSG00000089116,139,LHX5
ENSG00000182759,139,MAFA
ENSG00000178662,139,CSRNP3
ENSG00000011243,139,AKAP8L
ENSG00000133997,139,MED6
ENSG00000189180,139,ZNF33A
ENSG00000119866,138,BCL11A
ENSG00000064195,138,DLX3
ENSG00000106852,138,LHX6
ENSG00000152193,138,RNF219
ENSG00000178982,138,EIF3K
ENSG00000152443,138,ZNF776
ENSG00000094631,138,HDAC6
ENSG00000221983,138,UBA52
ENSG00000182521,138,TBPL2
ENSG00000198373,138,WWP2
ENSG00000148826,138,NKX6-2
ENSG00000152977,138,ZIC1
ENSG00000129534,138,MIS18BP1
ENSG00000203485,137,INF2
ENSG00000129911,137,KLF16
ENSG00000102878,137,HSF4
ENSG00000214029,137,ZNF891
ENSG00000173480,137,ZNF417
ENSG00000106006,137,HOXA6
ENSG00000138433,137,CIR1
ENSG00000102054,136,RBBP7
ENSG00000079432,136,CIC
ENSG00000155592,136,ZKSCAN2
ENSG00000198795,136,ZNF521
ENSG00000196588,136,MKL1
ENSG00000135148,136,TRAFD1
ENSG00000100207,136,TCF20
ENSG00000197360,136,ZNF98
ENSG00000173068,136,BNC2
ENSG00000165891,136,E2F7
ENSG00000172789,136,HOXC5
ENSG00000198171,136,DDRGK1
ENSG00000043039,135,BARX2
ENSG00000272886,135,DCP1A
ENSG00000100429,135,HDAC10
ENSG00000263002,135,ZNF234
ENSG00000130522,135,JUND
ENSG00000215372,135,ZNF705G
ENSG00000102103,135,PQBP1
ENSG00000170604,134,IRF2BP1
ENSG00000163958,134,ZDHHC19
ENSG00000163132,134,MSX1
ENSG00000137492,134,THAP12
ENSG00000205189,134,ZBTB10
ENSG00000162227,134,TAF6L
ENSG00000004700,134,RECQL
ENSG00000163602,134,RYBP
ENSG00000138083,134,SIX3
ENSG00000180626,134,ZNF594
ENSG00000170144,134,HNRNPA3
ENSG00000144852,133,NR1I2
ENSG00000162813,133,BPNT1
ENSG00000130182,133,ZSCAN10
ENSG00000147099,133,HDAC8
ENSG00000064490,133,RFXANK
ENSG00000178187,133,ZNF454
ENSG00000257315,133,ZBED6
ENSG00000221944,133,TIGD1
ENSG00000188816,132,HMX2
ENSG00000122034,132,GTF3A
ENSG00000146285,132,SCML4
ENSG00000127616,132,SMARCA4
ENSG00000141384,132,TAF4B
ENSG00000116584,132,ARHGEF2
ENSG00000196653,132,ZNF502
ENSG00000093167,132,LRRFIP2
ENSG00000196670,131,ZFP62
ENSG00000165156,131,ZHX1
ENSG00000184635,131,ZNF93
ENSG00000181894,131,ZNF329
ENSG00000148229,131,POLE3
ENSG00000142655,131,PEX14
ENSG00000204335,130,SP5
ENSG00000178403,130,NEUROG2
ENSG00000143033,130,MTF2
ENSG00000186496,130,ZNF396
ENSG00000177732,130,SOX12
ENSG00000118418,130,HMGN3
ENSG00000001167,130,NFYA
ENSG00000115350,130,POLE4
ENSG00000163214,130,DHX57
ENSG00000167394,130,ZNF668
ENSG00000105229,130,PIAS4
ENSG00000213928,130,IRF9
ENSG00000111358,130,GTF2H3
ENSG00000147604,130,RPL7
ENSG00000170166,130,HOXD4
ENSG00000061455,130,PRDM6
ENSG00000169594,130,BNC1
ENSG00000179909,130,ZNF154
ENSG00000107404,130,DVL1
ENSG00000187607,129,ZNF286A
ENSG00000156150,129,ALX3
ENSG00000006468,129,ETV1
ENSG00000108840,129,HDAC5
ENSG00000197576,129,HOXA4
ENSG00000173757,129,STAT5B
ENSG00000184677,129,ZBTB40
ENSG00000130684,129,ZNF337
ENSG00000128000,129,ZNF780B
ENSG00000069667,128,RORA
ENSG00000157212,128,PAXIP1
ENSG00000197808,128,ZNF461
ENSG00000106546,128,AHR
ENSG00000196247,128,ZNF107
ENSG00000126746,128,ZNF384
ENSG00000115750,128,TAF1B
ENSG00000163795,127,ZNF513
ENSG00000115415,127,STAT1
ENSG00000185551,127,NR2F2
ENSG00000180053,127,NKX2-6
ENSG00000112983,127,BRD8
ENSG00000065548,127,ZC3H15
ENSG00000072310,127,SREBF1
ENSG00000255302,127,EID1
ENSG00000113658,127,SMAD5
ENSG00000118217,127,ATF6
ENSG00000177842,127,ZNF620
ENSG00000204644,127,ZFP57
ENSG00000234284,127,ZNF879
ENSG00000077463,126,SIRT6
ENSG00000185960,126,SHOX
ENSG00000104472,126,CHRAC1
ENSG00000167785,126,ZNF558
ENSG00000124160,126,NCOA5
ENSG00000081721,126,DUSP12
ENSG00000102871,126,TRADD
ENSG00000111145,126,ELK3
ENSG00000213190,126,MLLT11
ENSG00000113068,126,PFDN1
ENSG00000256229,126,ZNF486
ENSG00000020426,126,MNAT1
ENSG00000144792,126,ZNF660
ENSG00000184990,126,SIVA1
ENSG00000196975,126,ANXA4
ENSG00000186376,126,ZNF75D
ENSG00000136504,125,KAT7
ENSG00000161914,125,ZNF653
ENSG00000119725,125,ZNF410
ENSG00000167962,125,ZNF598
ENSG00000111424,125,VDR
ENSG00000176396,125,EID2
ENSG00000107175,125,CREB3
ENSG00000134138,125,MEIS2
ENSG00000198400,124,NTRK1
ENSG00000009307,124,CSDE1
ENSG00000138814,124,PPP3CA
ENSG00000167637,124,ZNF283
ENSG00000221923,124,ZNF880
ENSG00000113318,124,MSH3
ENSG00000187187,124,ZNF546
ENSG00000187815,124,ZFP69
ENSG00000178386,124,ZNF223
ENSG00000074800,123,ENO1
ENSG00000204611,123,ZNF616
ENSG00000168214,123,RBPJ
ENSG00000100403,123,ZC3H7B
ENSG00000276234,123,TADA2A
ENSG00000186272,123,ZNF17
ENSG00000197162,123,ZNF785
ENSG00000152926,123,ZNF117
ENSG00000103994,123,ZNF106
ENSG00000121454,122,LHX4
ENSG00000075975,122,MKRN2
ENSG00000141579,122,ZNF750
ENSG00000100410,122,PHF5A
ENSG00000112715,122,VEGFA
ENSG00000106526,122,ACTR3C
ENSG00000198625,122,MDM4
ENSG00000117010,122,ZNF684
ENSG00000106004,122,HOXA5
ENSG00000116001,121,TIA1
ENSG00000121297,121,TSHZ3
ENSG00000109787,121,KLF3
ENSG00000178573,121,MAF
ENSG00000090339,121,ICAM1
ENSG00000178177,121,LCORL
ENSG00000178928,121,TPRX1
ENSG00000132170,121,PPARG
ENSG00000163884,121,KLF15
ENSG00000158711,120,ELK4
ENSG00000078699,120,CBFA2T2
ENSG00000058673,120,ZC3H11A
ENSG00000160685,120,ZBTB7B
ENSG00000147488,120,ST18
ENSG00000125492,120,BARHL1
ENSG00000136243,120,NUPL2
ENSG00000102804,120,TSC22D1
ENSG00000085276,120,MECOM
ENSG00000184221,120,OLIG1
ENSG00000185811,120,IKZF1
ENSG00000120784,120,ZFP30
ENSG00000125618,119,PAX8
ENSG00000171540,119,OTP
ENSG00000131668,119,BARX1
ENSG00000077092,119,RARB
ENSG00000108671,119,PSMD11
ENSG00000267041,119,ZNF850
ENSG00000236104,119,ZBTB22
ENSG00000175745,119,NR2F1
ENSG00000167554,118,ZNF610
ENSG00000165495,118,PKNOX2
ENSG00000173230,118,GOLGB1
ENSG00000107164,118,FUBP3
ENSG00000107485,118,GATA3
ENSG00000276644,118,DACH1
ENSG00000140382,118,HMG20A
ENSG00000127903,118,ZNF835
ENSG00000204977,118,TRIM13
ENSG00000125285,117,SOX21
ENSG00000171443,117,ZNF524
ENSG00000151748,117,SAV1
ENSG00000179111,117,HES7
ENSG00000198963,117,RORB
ENSG00000117748,117,RPA2
ENSG00000094804,117,CDC6
ENSG00000169083,117,AR
ENSG00000178028,117,DMAP1
ENSG00000168724,117,DNAJC21
ENSG00000133627,117,ACTR3B
ENSG00000169955,117,ZNF747
ENSG00000132382,117,MYBBP1A
ENSG00000159256,117,MORC3
ENSG00000177853,117,ZNF518A
ENSG00000120798,117,NR2C1
ENSG00000166529,117,ZSCAN21
ENSG00000173473,117,SMARCC1
ENSG00000121060,116,TRIM25
ENSG00000181007,116,ZFP82
ENSG00000135679,116,MDM2
ENSG00000275111,116,ZNF2
ENSG00000104365,116,IKBKB
ENSG00000183742,116,MACC1
ENSG00000178860,116,MSC
ENSG00000204231,116,RXRB
ENSG00000014824,116,SLC30A9
ENSG00000109101,116,FOXN1
ENSG00000166164,115,BRD7
ENSG00000213921,115,LEUTX
ENSG00000158055,115,GRHL3
ENSG00000188171,115,ZNF626
ENSG00000188981,115,MSANTD1
ENSG00000164330,115,EBF1
ENSG00000197265,115,GTF2E2
ENSG00000172379,115,ARNT2
ENSG00000090470,115,PDCD7
ENSG00000266265,115,KLF14
ENSG00000136451,114,VEZF1
ENSG00000126752,114,SSX1
ENSG00000213999,114,MEF2B
ENSG00000167034,114,NKX3-1
ENSG00000143355,114,LHX9
ENSG00000179965,114,ZNF771
ENSG00000121481,114,RNF2
ENSG00000106511,114,MEOX2
ENSG00000180479,114,ZNF571
ENSG00000170448,114,NFXL1
ENSG00000189299,113,FOXR2
ENSG00000138378,113,STAT4
ENSG00000179774,113,ATOH7
ENSG00000258873,113,DUXA
ENSG00000196267,113,ZNF836
ENSG00000178917,113,ZNF852
ENSG00000167085,112,PHB
ENSG00000176293,112,ZNF135
ENSG00000160633,112,SAFB
ENSG00000181827,112,RFX7
ENSG00000115297,112,TLX2
ENSG00000078140,112,UBE2K
ENSG00000196428,112,TSC22D2
ENSG00000133250,112,ZNF414
ENSG00000171163,112,ZNF692
ENSG00000269343,111,ZNF587B
ENSG00000116030,111,SUMO1
ENSG00000197114,111,ZGPAT
ENSG00000059378,111,PARP12
ENSG00000196345,111,ZKSCAN7
ENSG00000106459,111,NRF1
ENSG00000175279,111,CENPS
ENSG00000043514,111,TRIT1
ENSG00000198315,110,ZKSCAN8
ENSG00000186766,110,FOXI2
ENSG00000132109,110,TRIM21
ENSG00000171466,110,ZNF562
ENSG00000164438,110,TLX3
ENSG00000138073,110,PREB
ENSG00000121486,110,TRMT1L
ENSG00000104976,109,SNAPC2
ENSG00000100319,109,ZMAT5
ENSG00000112851,109,ERBIN
ENSG00000166716,109,ZNF592
ENSG00000128652,109,HOXD3
ENSG00000123415,109,SMUG1
ENSG00000136352,109,NKX2-1
ENSG00000164920,109,OSR2
ENSG00000102974,109,CTCF
ENSG00000136770,109,DNAJC1
ENSG00000197472,108,ZNF695
ENSG00000169740,108,ZNF32
ENSG00000161277,108,THAP8
ENSG00000125630,108,POLR1B
ENSG00000188227,108,ZNF793
ENSG00000215356,107,ZNF705B
ENSG00000215612,107,HMX1
ENSG00000197019,107,SERTAD1
ENSG00000137413,107,TAF8
ENSG00000215301,107,DDX3X
ENSG00000170374,107,SP7
ENSG00000142528,107,ZNF473
ENSG00000152284,107,TCF7L1
ENSG00000197299,106,BLM
ENSG00000116819,106,TFAP2E
ENSG00000180182,106,MED14
ENSG00000177485,106,ZBTB33
ENSG00000147124,106,ZNF41
ENSG00000080986,105,NDC80
ENSG00000109111,105,SUPT6H
ENSG00000108773,105,KAT2A
ENSG00000141448,105,GATA6
ENSG00000165588,105,OTX2
ENSG00000146463,105,ZMYM4
ENSG00000171634,104,BPTF
ENSG00000122779,104,TRIM24
ENSG00000196233,104,LCOR
ENSG00000167232,104,ZNF91
ENSG00000172534,104,HCFC1
ENSG00000009709,104,PAX7
ENSG00000057935,104,MTA3
ENSG00000241343,104,RPL36A
ENSG00000174738,103,NR1D2
ENSG00000151623,103,NR3C2
ENSG00000128272,103,ATF4
ENSG00000196437,103,ZNF569
ENSG00000138303,103,ASCC1
ENSG00000152795,103,HNRNPDL
ENSG00000172273,103,HINFP
ENSG00000123364,103,HOXC13
ENSG00000086504,103,MRPL28
ENSG00000198597,102,ZNF536
ENSG00000124444,102,ZNF576
ENSG00000183434,102,TFDP3
ENSG00000119772,102,DNMT3A
ENSG00000169057,102,MECP2
ENSG00000184486,102,POU3F2
ENSG00000116120,102,FARSB
ENSG00000196387,101,ZNF140
ENSG00000174744,101,BRMS1
ENSG00000277462,101,ZNF670
ENSG00000092201,101,SUPT16H
ENSG00000148187,101,MRRF
ENSG00000227124,101,ZNF717
ENSG00000141503,101,MINK1
ENSG00000197056,100,ZMYM1
ENSG00000185043,100,CIB1
ENSG00000083635,100,NUFIP1
ENSG00000095794,100,CREM
ENSG00000113761,100,ZNF346
ENSG00000177932,100,ZNF354C
ENSG00000196214,100,ZNF766
ENSG00000205683,100,DPF3
ENSG00000079263,100,SP140
ENSG00000140993,100,TIGD7
ENSG00000177030,100,DEAF1
ENSG00000176222,100,ZNF404
ENSG00000188707,99,ZBED6CL
ENSG00000196597,99,ZNF782
ENSG00000148300,99,REXO4
ENSG00000003756,99,RBM5
ENSG00000136997,99,MYC
ENSG00000130382,99,MLLT1
ENSG00000157036,98,EXOG
ENSG00000138385,98,SSB
ENSG00000198807,98,PAX9
ENSG00000196591,98,HDAC2
ENSG00000058729,98,RIOK2
ENSG00000204514,98,ZNF814
ENSG00000064933,98,PMS1
ENSG00000117625,98,RCOR3
ENSG00000174796,98,THAP6
ENSG00000147117,97,ZNF157
ENSG00000186230,97,ZNF749
ENSG00000156650,97,KAT6B
ENSG00000204947,97,ZNF425
ENSG00000141030,97,COPS3
ENSG00000164048,97,ZNF589
ENSG00000105991,96,HOXA1
ENSG00000083838,96,ZNF446
ENSG00000143171,96,RXRG
ENSG00000100146,96,SOX10
ENSG00000175832,96,ETV4
ENSG00000136169,96,SETDB2
ENSG00000168298,95,HIST1H1E
ENSG00000105866,95,SP4
ENSG00000122299,95,ZC3H7A
ENSG00000143257,95,NR1I3
ENSG00000071794,95,HLTF
ENSG00000112343,95,TRIM38
ENSG00000143437,95,ARNT
ENSG00000118007,95,STAG1
ENSG00000100393,95,EP300
ENSG00000173801,95,JUP
ENSG00000196350,95,ZNF729
ENSG00000188283,95,ZNF383
ENSG00000108094,95,CUL2
ENSG00000164334,95,FAM170A
ENSG00000121741,94,ZMYM2
ENSG00000101945,94,SUV39H1
ENSG00000243943,94,ZNF512
ENSG00000071564,94,TCF3
ENSG00000214336,94,FOXI3
ENSG00000141946,94,ZIM3
ENSG00000166169,94,POLL
ENSG00000108557,94,RAI1
ENSG00000184110,94,EIF3C
ENSG00000126603,93,GLIS2
ENSG00000082641,93,NFE2L1
ENSG00000006704,93,GTF2IRD1
ENSG00000163508,93,EOMES
ENSG00000123095,93,BHLHE41
ENSG00000144331,93,ZNF385B
ENSG00000169856,93,ONECUT1
ENSG00000153266,93,FEZF2
ENSG00000186350,92,RXRA
ENSG00000173545,92,ZNF622
ENSG00000120837,92,NFYB
ENSG00000181163,92,NPM1
ENSG00000127511,92,SIN3B
ENSG00000102901,92,CENPT
ENSG00000189298,92,ZKSCAN3
ENSG00000175691,91,ZNF77
ENSG00000178913,91,TAF7
ENSG00000005156,91,LIG3
ENSG00000157557,91,ETS2
ENSG00000166860,90,ZBTB39
ENSG00000159917,90,ZNF235
ENSG00000145220,90,LYAR
ENSG00000117595,90,IRF6
ENSG00000112033,90,PPARD
ENSG00000196652,90,ZKSCAN5
ENSG00000196693,90,ZNF33B
ENSG00000132485,90,ZRANB2
ENSG00000273274,90,ZBTB8B
ENSG00000232237,89,ASCL5
ENSG00000130584,89,ZBTB46
ENSG00000170549,89,IRX1
ENSG00000111642,89,CHD4
ENSG00000245848,89,CEBPA
ENSG00000148411,89,NACC2
ENSG00000197013,89,ZNF429
ENSG00000163848,89,ZNF148
ENSG00000137273,88,FOXF2
ENSG00000147133,88,TAF1
ENSG00000197782,88,ZNF780A
ENSG00000170631,88,ZNF16
ENSG00000116717,88,GADD45A
ENSG00000186130,87,ZBTB6
ENSG00000101544,87,ADNP2
ENSG00000125352,87,RNF113A
ENSG00000131721,87,RHOXF2
ENSG00000100968,87,NFATC4
ENSG00000124459,87,ZNF45
ENSG00000104903,87,LYL1
ENSG00000075426,87,FOSL2
ENSG00000197372,87,ZNF675
ENSG00000178567,87,EPM2AIP1
ENSG00000103326,86,CAPN15
ENSG00000153048,86,CARHSP1
ENSG00000064218,86,DMRT3
ENSG00000189144,86,ZNF573
ENSG00000152217,86,SETBP1
ENSG00000165392,85,WRN
ENSG00000115816,85,CEBPZ
ENSG00000125798,85,FOXA2
ENSG00000166211,85,SPIC
ENSG00000164299,85,SPZ1
ENSG00000106554,85,CHCHD3
ENSG00000181315,85,ZNF322
ENSG00000144485,85,HES6
ENSG00000138380,85,CARF
ENSG00000068305,85,MEF2A
ENSG00000124151,85,NCOA3
ENSG00000166349,84,RAG1
ENSG00000173145,84,NOC3L
ENSG00000183495,83,EP400
ENSG00000204859,83,ZBTB48
ENSG00000102349,83,KLF8
ENSG00000151500,83,THYN1
ENSG00000073861,82,TBX21
ENSG00000130856,82,ZNF236
ENSG00000066336,82,SPI1
ENSG00000187987,82,ZSCAN23
ENSG00000088876,82,ZNF343
ENSG00000198300,82,PEG3
ENSG00000125968,81,ID1
ENSG00000109705,81,NKX3-2
ENSG00000141480,81,ARRB2
ENSG00000196132,81,MYT1
ENSG00000102038,81,SMARCA1
ENSG00000256294,81,ZNF225
ENSG00000102908,80,NFAT5
ENSG00000170954,80,ZNF415
ENSG00000035499,80,DEPDC1B
ENSG00000151379,80,MSGN1
ENSG00000183779,80,ZNF703
ENSG00000171467,80,ZNF318
ENSG00000042429,80,MED17
ENSG00000125651,80,GTF2F1
ENSG00000105516,79,DBP
ENSG00000171532,79,NEUROD2
ENSG00000213020,79,ZNF611
ENSG00000164050,79,PLXNB1
ENSG00000205922,79,ONECUT3
ENSG00000164651,79,SP8
ENSG00000138375,78,SMARCAL1
ENSG00000135100,78,HNF1A
ENSG00000160917,78,CPSF4
ENSG00000171865,78,RNASEH1
ENSG00000127191,78,TRAF2
ENSG00000175054,78,ATR
ENSG00000204713,77,TRIM27
ENSG00000177700,77,POLR2L
ENSG00000175221,76,MED16
ENSG00000106829,76,TLE4
ENSG00000028310,76,BRD9
ENSG00000180318,76,ALX1
ENSG00000074266,76,EED
ENSG00000142611,76,PRDM16
ENSG00000181472,76,ZBTB2
ENSG00000177599,76,ZNF491
ENSG00000010030,75,ETV7
ENSG00000100987,75,VSX1
ENSG00000171606,75,ZNF274
ENSG00000161405,75,IKZF3
ENSG00000165804,74,ZNF219
ENSG00000070501,74,POLB
ENSG00000140386,74,SCAPER
ENSG00000153922,74,CHD1
ENSG00000063587,73,ZNF275
ENSG00000172262,73,ZNF131
ENSG00000138709,72,LARP1B
ENSG00000198342,72,ZNF442
ENSG00000184517,72,ZFP1
ENSG00000005073,72,HOXA11
ENSG00000106689,72,LHX2
ENSG00000135870,72,RC3H1
ENSG00000105967,72,TFEC
ENSG00000180346,72,TIGD2
ENSG00000197780,71,TAF13
ENSG00000245680,71,ZNF585B
ENSG00000101493,71,ZNF516
ENSG00000143442,71,POGZ
ENSG00000100902,71,PSMA6
ENSG00000196453,70,ZNF777
ENSG00000144366,70,GULP1
ENSG00000103449,70,SALL1
ENSG00000149480,70,MTA2
ENSG00000187741,70,FANCA
ENSG00000080802,70,CNOT4
ENSG00000100206,70,DMC1
ENSG00000143867,70,OSR1
ENSG00000148200,70,NR6A1
ENSG00000132749,70,TESMIN
ENSG00000158805,70,ZNF276
ENSG00000135899,69,SP110
ENSG00000135373,69,EHF
ENSG00000134574,69,DDB2
ENSG00000170581,69,STAT2
ENSG00000162613,68,FUBP1
ENSG00000102393,68,GLA
ENSG00000167550,68,RHEBL1
ENSG00000176371,68,ZSCAN2
ENSG00000166200,67,COPS2
ENSG00000160352,67,ZNF714
ENSG00000116990,67,MYCL
ENSG00000143013,67,LMO4
ENSG00000101115,67,SALL4
ENSG00000158545,67,ZC3H18
ENSG00000143498,66,TAF1A
ENSG00000089902,66,RCOR1
ENSG00000140265,66,ZSCAN29
ENSG00000054267,66,ARID4B
ENSG00000105699,66,LSR
ENSG00000110777,66,POU2AF1
ENSG00000159915,66,ZNF233
ENSG00000152455,66,SUV39H2
ENSG00000134595,65,SOX3
ENSG00000196646,65,ZNF136
ENSG00000115163,65,CENPA
ENSG00000184271,65,POU6F1
ENSG00000146143,65,PRIM2
ENSG00000132646,65,PCNA
ENSG00000056277,64,ZNF280C
ENSG00000198556,64,ZNF789
ENSG00000237440,64,ZNF737
ENSG00000102098,64,SCML2
ENSG00000184895,63,SRY
ENSG00000101057,63,MYBL2
ENSG00000080503,63,SMARCA2
ENSG00000081059,63,TCF7
ENSG00000186812,63,ZNF397
ENSG00000113108,63,APBB3
ENSG00000152467,62,ZSCAN1
ENSG00000177946,62,CENPBD1
ENSG00000089775,62,ZBTB25
ENSG00000205857,62,NANOGNB
ENSG00000174928,62,C3orf33
ENSG00000188342,62,GTF2F2
ENSG00000196812,62,ZSCAN16
ENSG00000165643,61,SOHLH1
ENSG00000138668,61,HNRNPD
ENSG00000197134,61,ZNF257
ENSG00000169554,61,ZEB2
ENSG00000135365,61,PHF21A
ENSG00000204498,61,NFKBIL1
ENSG00000116793,61,PHTF1
ENSG00000167635,61,ZNF146
ENSG00000122481,60,RWDD3
ENSG00000083814,60,ZNF671
ENSG00000111049,60,MYF5
ENSG00000140987,60,ZSCAN32
ENSG00000274529,60,SEBOX
ENSG00000151612,60,ZNF827
ENSG00000187079,59,TEAD1
ENSG00000085721,59,RRN3
ENSG00000159200,58,RCAN1
ENSG00000196757,58,ZNF700
ENSG00000008838,58,MED24
ENSG00000120656,58,TAF12
ENSG00000125813,58,PAX1
ENSG00000059728,57,MXD1
ENSG00000153879,57,CEBPG
ENSG00000130726,57,TRIM28
ENSG00000168310,57,IRF2
ENSG00000151650,57,VENTX
ENSG00000253548,56,PYDC2
ENSG00000136630,56,HLX
ENSG00000133740,56,E2F5
ENSG00000164620,55,RELL2
ENSG00000137486,55,ARRB1
ENSG00000137090,55,DMRT1
ENSG00000025156,55,HSF2
ENSG00000141002,54,TCF25
ENSG00000008197,54,TFAP2D
ENSG00000116017,54,ARID3A
ENSG00000197037,54,ZSCAN25
ENSG00000213762,54,ZNF134
ENSG00000213588,53,ZBTB9
ENSG00000090447,53,TFAP4
ENSG00000198046,53,ZNF667
ENSG00000179886,53,TIGD5
ENSG00000184967,52,NOC4L
ENSG00000116761,52,CTH
ENSG00000106245,52,BUD31
ENSG00000196458,52,ZNF605
ENSG00000166337,52,TAF10
ENSG00000160321,51,ZNF208
ENSG00000075292,51,ZNF638
ENSG00000198393,51,ZNF26
ENSG00000140548,51,ZNF710
ENSG00000061273,50,HDAC7
ENSG00000169136,50,ATF5
ENSG00000127481,50,UBR4
ENSG00000162599,50,NFIA
ENSG00000105821,49,DNAJC2
ENSG00000062370,49,ZNF112
ENSG00000120690,49,ELF1
ENSG00000142025,49,DMRTC2
ENSG00000186918,48,ZNF395
ENSG00000185869,48,ZNF829
ENSG00000070476,47,ZXDC
ENSG00000174332,47,GLIS1
ENSG00000170325,47,PRDM10
ENSG00000196150,47,ZNF250
ENSG00000139624,47,CERS5
ENSG00000182141,47,ZNF708
ENSG00000136866,47,ZFP37
ENSG00000172465,47,TCEAL1
ENSG00000083812,47,ZNF324
ENSG00000141956,47,PRDM15
ENSG00000132604,46,TERF2
ENSG00000073584,46,SMARCE1
ENSG00000105298,46,CACTIN
ENSG00000136535,46,TBR1
ENSG00000102145,46,GATA1
ENSG00000197008,45,ZNF138
ENSG00000160201,45,U2AF1
ENSG00000160094,45,ZNF362
ENSG00000140575,44,IQGAP1
ENSG00000163659,44,TIPARP
ENSG00000204920,43,ZNF155
ENSG00000124562,43,SNRPC
ENSG00000060566,43,CREB3L3
ENSG00000198218,43,QRICH1
ENSG00000159882,42,ZNF230
ENSG00000081386,42,ZNF510
ENSG00000176946,42,THAP4
ENSG00000159588,42,CCDC17
ENSG00000165702,42,GFI1B
ENSG00000136944,42,LMX1B
ENSG00000175809,42,ZNF645
ENSG00000095951,41,HIVEP1
ENSG00000135164,40,DMTF1
ENSG00000171703,40,TCEA2
ENSG00000166526,40,ZNF3
ENSG00000148835,39,TAF5
ENSG00000168036,39,CTNNB1
ENSG00000176009,39,ASCL3
ENSG00000196172,38,ZNF681
ENSG00000172006,37,ZNF554
ENSG00000008196,37,TFAP2B
ENSG00000127445,37,PIN1
ENSG00000120094,37,HOXB1
ENSG00000189042,37,ZNF567
ENSG00000119614,37,VSX2
ENSG00000204304,36,PBX2
ENSG00000196466,36,ZNF799
ENSG00000063978,36,RNF4
ENSG00000101190,35,TCFL5
ENSG00000125820,34,NKX2-2
ENSG00000198081,34,ZBTB14
ENSG00000160949,34,TONSL
ENSG00000187626,34,ZKSCAN4
ENSG00000112333,34,NR2E1
ENSG00000109132,33,PHOX2B
ENSG00000109906,33,ZBTB16
ENSG00000113430,33,IRX4
ENSG00000096401,33,CDC5L
ENSG00000198546,33,ZNF511
ENSG00000165119,33,HNRNPK
ENSG00000217236,32,SP9
ENSG00000108055,31,SMC3
ENSG00000148572,30,NRBF2
ENSG00000174255,30,ZNF80
ENSG00000126733,30,DACH2
ENSG00000134058,30,CDK7
ENSG00000125482,30,TTF1
ENSG00000066136,29,NFYC
ENSG00000137947,29,GTF2B
ENSG00000197961,29,ZNF121
ENSG00000152944,29,MED21
ENSG00000197062,29,ZSCAN26
ENSG00000164600,29,NEUROD6
ENSG00000170653,28,ATF7
ENSG00000111641,28,NOP2
ENSG00000135801,28,TAF5L
ENSG00000143947,26,RPS27A
ENSG00000204612,24,FOXB2
ENSG00000087191,24,PSMC5
ENSG00000215343,23,ZNF705D
ENSG00000164611,23,PTTG1
ENSG00000103343,23,ZNF174
ENSG00000166888,23,STAT6
ENSG00000131747,22,TOP2A
ENSG00000183431,22,SF3A3
ENSG00000204569,21,PPP1R10
ENSG00000112282,21,MED23
ENSG00000147669,20,POLR2K
ENSG00000244405,19,ETV5
ENSG00000128513,19,POT1
ENSG00000139800,19,ZIC5
ENSG00000115112,18,TFCP2L1
ENSG00000119403,18,PHF19 
ENSG00000163064,17,EN1
ENSG00000144161,16,ZC3H8
ENSG00000138346,16,DNA2
ENSG00000165185,16,KIAA1958
ENSG00000254004,13,ZNF260
ENSG00000148606,13,POLR3A
ENSG00000174586,12,ZNF497
ENSG00000197757,11,HOXC6
ENSG00000196967,11,ZNF585A
ENSG00000177494,10,ZBED2
ENSG00000148303,10,RPL7A
ENSG00000086589,9,RBM22
ENSG00000116288,8,PARK7
ENSG00000181449,7,SOX2
ENSG00000157193,7,LRP8
ENSG00000198783,5,ZNF830
ENSG00000105486,3,LIG1
ENSG00000196391,2,ZNF774
